column_a,column_b,r
bill_length_mm,bill_length_mm,1.0
bill_depth_mm,bill_length_mm,-0.2286256359130322
flipper_length_mm,bill_length_mm,0.6530956386670863
body_mass_g,bill_length_mm,0.5894511101769507
year,bill_length_mm,0.032656897452731926
bill_length_mm,bill_depth_mm,-0.2286256359130322
bill_depth_mm,bill_depth_mm,1.0
flipper_length_mm,bill_depth_mm,-0.5777916963366742
body_mass_g,bill_depth_mm,-0.4720156601951403
year,bill_depth_mm,-0.04818159790270328
bill_length_mm,flipper_length_mm,0.6530956386670863
bill_depth_mm,flipper_length_mm,-0.5777916963366742
flipper_length_mm,flipper_length_mm,1.0
body_mass_g,flipper_length_mm,0.8729788985653615
year,flipper_length_mm,0.15106791831517183
bill_length_mm,body_mass_g,0.5894511101769507
bill_depth_mm,body_mass_g,-0.4720156601951403
flipper_length_mm,body_mass_g,0.8729788985653615
body_mass_g,body_mass_g,1.0
year,body_mass_g,0.02186213065962272
bill_length_mm,year,0.032656897452731926
bill_depth_mm,year,-0.04818159790270328
flipper_length_mm,year,0.15106791831517183
body_mass_g,year,0.02186213065962272
year,year,1.0
